{
  "starts": [
    0.5,
    5.816,
    12.02,
    16.927999999999997,
    21.907999999999998
  ],
  "beats": [
    15,
    174,
    361,
    508,
    657
  ],
  "durs": [
    5.136,
    6.024,
    4.728,
    4.8,
    5.856
  ],
  "speech_end": 27.763999999999996,
  "lead_in": 0.5,
  "gap": 0.18,
  "fps": 30,
  "total_s": 30.0
}